{
  "backprop" : true,
  "backpropType" : "Standard",
  "defaultConfiguration" : {
    "iterationCount" : 0,
    "l1ByParam" : { },
    "l2ByParam" : { },
    "layer" : null,
    "leakyreluAlpha" : 0.0,
    "learningRateByParam" : { },
    "learningRatePolicy" : "None",
    "lrPolicyDecayRate" : "NaN",
    "lrPolicyPower" : "NaN",
    "lrPolicySteps" : "NaN",
    "maxNumLineSearchIterations" : 5,
    "miniBatch" : true,
    "minimize" : true,
    "numIterations" : 1,
    "optimizationAlgo" : "STOCHASTIC_GRADIENT_DESCENT",
    "pretrain" : false,
    "seed" : 123,
    "stepFunction" : null,
    "useDropConnect" : false,
    "useRegularization" : false,
    "variables" : [ "tanh_L1_W", "tanh_L1_b", "sig_L1_W", "sig_L1_b", "tanh_L2_W", "tanh_L2_b", "sig_L2_W", "sig_L2_b" ]
  },
  "iterationCount" : 3280000,
  "networkInputs" : [ "sig_input", "tanh_input" ],
  "networkOutputs" : [ "out_L" ],
  "pretrain" : false,
  "tbpttBackLength" : 20,
  "tbpttFwdLength" : 20,
  "vertexInputs" : {
    "tanh_L1" : [ "tanh_input" ],
    "sig_L1-merge" : [ "sig_input", "tanh_L1" ],
    "sig_L1" : [ "sig_L1-merge" ],
    "tanh_L2" : [ "tanh_L1" ],
    "sig_L2-merge" : [ "sig_L1", "tanh_L2" ],
    "sig_L2" : [ "sig_L2-merge" ],
    "gating" : [ "tanh_L2", "sig_L2" ],
    "out_L" : [ "gating" ]
  },
  "vertices" : {
    "tanh_L1" : {
      "LayerVertex" : {
        "layerConf" : {
          "iterationCount" : 0,
          "l1ByParam" : {
            "b" : 0.0,
            "W" : 0.0
          },
          "l2ByParam" : {
            "b" : 0.0,
            "W" : 0.0
          },
          "layer" : {
            "dense" : {
              "activationFn" : {
                "TanH" : {
                  "gradientViewArray" : null,
                  "parametersViewArray" : null
                }
              },
              "adamMeanDecay" : "NaN",
              "adamVarDecay" : "NaN",
              "biasInit" : 0.0,
              "biasL1" : 0.0,
              "biasL2" : 0.0,
              "biasLearningRate" : 0.0,
              "dist" : null,
              "dropOut" : 0.0,
              "epsilon" : "NaN",
              "gradientNormalization" : "None",
              "gradientNormalizationThreshold" : 1.0,
              "l1" : 0.0,
              "l2" : 0.0,
              "layerName" : "tanh_L1",
              "learningRate" : 0.05,
              "learningRateSchedule" : null,
              "momentum" : "NaN",
              "momentumSchedule" : null,
              "nin" : 1,
              "nout" : 2,
              "rho" : "NaN",
              "rmsDecay" : 0.95,
              "updater" : "RMSPROP",
              "weightInit" : "UNIFORM"
            }
          },
          "leakyreluAlpha" : 0.0,
          "learningRateByParam" : {
            "b" : 0.0,
            "W" : 0.05
          },
          "learningRatePolicy" : "None",
          "lrPolicyDecayRate" : "NaN",
          "lrPolicyPower" : "NaN",
          "lrPolicySteps" : "NaN",
          "maxNumLineSearchIterations" : 5,
          "miniBatch" : true,
          "minimize" : true,
          "numIterations" : 1,
          "optimizationAlgo" : "STOCHASTIC_GRADIENT_DESCENT",
          "pretrain" : false,
          "seed" : 123,
          "stepFunction" : null,
          "useDropConnect" : false,
          "useRegularization" : false,
          "variables" : [ "W", "b" ]
        },
        "outputVertex" : false,
        "preProcessor" : null
      }
    },
    "sig_L1" : {
      "LayerVertex" : {
        "layerConf" : {
          "iterationCount" : 0,
          "l1ByParam" : {
            "b" : 0.0,
            "W" : 0.0
          },
          "l2ByParam" : {
            "b" : 0.0,
            "W" : 0.0
          },
          "layer" : {
            "dense" : {
              "activationFn" : {
                "Sigmoid" : {
                  "gradientViewArray" : null,
                  "parametersViewArray" : null
                }
              },
              "adamMeanDecay" : "NaN",
              "adamVarDecay" : "NaN",
              "biasInit" : 0.5,
              "biasL1" : 0.0,
              "biasL2" : 0.0,
              "biasLearningRate" : 0.05,
              "dist" : null,
              "dropOut" : 0.0,
              "epsilon" : "NaN",
              "gradientNormalization" : "None",
              "gradientNormalizationThreshold" : 1.0,
              "l1" : 0.0,
              "l2" : 0.0,
              "layerName" : "sig_L1",
              "learningRate" : 0.05,
              "learningRateSchedule" : null,
              "momentum" : "NaN",
              "momentumSchedule" : null,
              "nin" : 3,
              "nout" : 3,
              "rho" : "NaN",
              "rmsDecay" : 0.95,
              "updater" : "RMSPROP",
              "weightInit" : "UNIFORM"
            }
          },
          "leakyreluAlpha" : 0.0,
          "learningRateByParam" : {
            "b" : 0.05,
            "W" : 0.05
          },
          "learningRatePolicy" : "None",
          "lrPolicyDecayRate" : "NaN",
          "lrPolicyPower" : "NaN",
          "lrPolicySteps" : "NaN",
          "maxNumLineSearchIterations" : 5,
          "miniBatch" : true,
          "minimize" : true,
          "numIterations" : 1,
          "optimizationAlgo" : "STOCHASTIC_GRADIENT_DESCENT",
          "pretrain" : false,
          "seed" : 123,
          "stepFunction" : null,
          "useDropConnect" : false,
          "useRegularization" : false,
          "variables" : [ "W", "b" ]
        },
        "outputVertex" : false,
        "preProcessor" : null
      }
    },
    "sig_L1-merge" : {
      "MergeVertex" : { }
    },
    "tanh_L2" : {
      "LayerVertex" : {
        "layerConf" : {
          "iterationCount" : 0,
          "l1ByParam" : {
            "b" : 0.0,
            "W" : 0.0
          },
          "l2ByParam" : {
            "b" : 0.0,
            "W" : 0.0
          },
          "layer" : {
            "dense" : {
              "activationFn" : {
                "TanH" : {
                  "gradientViewArray" : null,
                  "parametersViewArray" : null
                }
              },
              "adamMeanDecay" : "NaN",
              "adamVarDecay" : "NaN",
              "biasInit" : 0.0,
              "biasL1" : 0.0,
              "biasL2" : 0.0,
              "biasLearningRate" : 0.0,
              "dist" : null,
              "dropOut" : 0.0,
              "epsilon" : "NaN",
              "gradientNormalization" : "None",
              "gradientNormalizationThreshold" : 1.0,
              "l1" : 0.0,
              "l2" : 0.0,
              "layerName" : "tanh_L2",
              "learningRate" : 0.05,
              "learningRateSchedule" : null,
              "momentum" : "NaN",
              "momentumSchedule" : null,
              "nin" : 2,
              "nout" : 1,
              "rho" : "NaN",
              "rmsDecay" : 0.95,
              "updater" : "RMSPROP",
              "weightInit" : "UNIFORM"
            }
          },
          "leakyreluAlpha" : 0.0,
          "learningRateByParam" : {
            "b" : 0.0,
            "W" : 0.05
          },
          "learningRatePolicy" : "None",
          "lrPolicyDecayRate" : "NaN",
          "lrPolicyPower" : "NaN",
          "lrPolicySteps" : "NaN",
          "maxNumLineSearchIterations" : 5,
          "miniBatch" : true,
          "minimize" : true,
          "numIterations" : 1,
          "optimizationAlgo" : "STOCHASTIC_GRADIENT_DESCENT",
          "pretrain" : false,
          "seed" : 123,
          "stepFunction" : null,
          "useDropConnect" : false,
          "useRegularization" : false,
          "variables" : [ "W", "b" ]
        },
        "outputVertex" : false,
        "preProcessor" : null
      }
    },
    "sig_L2" : {
      "LayerVertex" : {
        "layerConf" : {
          "iterationCount" : 0,
          "l1ByParam" : {
            "b" : 0.0,
            "W" : 0.0
          },
          "l2ByParam" : {
            "b" : 0.0,
            "W" : 0.0
          },
          "layer" : {
            "dense" : {
              "activationFn" : {
                "Sigmoid" : {
                  "gradientViewArray" : null,
                  "parametersViewArray" : null
                }
              },
              "adamMeanDecay" : "NaN",
              "adamVarDecay" : "NaN",
              "biasInit" : 0.5,
              "biasL1" : 0.0,
              "biasL2" : 0.0,
              "biasLearningRate" : 0.05,
              "dist" : null,
              "dropOut" : 0.0,
              "epsilon" : "NaN",
              "gradientNormalization" : "None",
              "gradientNormalizationThreshold" : 1.0,
              "l1" : 0.0,
              "l2" : 0.0,
              "layerName" : "sig_L2",
              "learningRate" : 0.05,
              "learningRateSchedule" : null,
              "momentum" : "NaN",
              "momentumSchedule" : null,
              "nin" : 4,
              "nout" : 1,
              "rho" : "NaN",
              "rmsDecay" : 0.95,
              "updater" : "RMSPROP",
              "weightInit" : "UNIFORM"
            }
          },
          "leakyreluAlpha" : 0.0,
          "learningRateByParam" : {
            "b" : 0.05,
            "W" : 0.05
          },
          "learningRatePolicy" : "None",
          "lrPolicyDecayRate" : "NaN",
          "lrPolicyPower" : "NaN",
          "lrPolicySteps" : "NaN",
          "maxNumLineSearchIterations" : 5,
          "miniBatch" : true,
          "minimize" : true,
          "numIterations" : 1,
          "optimizationAlgo" : "STOCHASTIC_GRADIENT_DESCENT",
          "pretrain" : false,
          "seed" : 123,
          "stepFunction" : null,
          "useDropConnect" : false,
          "useRegularization" : false,
          "variables" : [ "W", "b" ]
        },
        "outputVertex" : false,
        "preProcessor" : null
      }
    },
    "sig_L2-merge" : {
      "MergeVertex" : { }
    },
    "gating" : {
      "ElementWiseVertex" : {
        "op" : "Product"
      }
    },
    "out_L" : {
      "LayerVertex" : {
        "layerConf" : {
          "iterationCount" : 0,
          "l1ByParam" : { },
          "l2ByParam" : { },
          "layer" : {
            "loss" : {
              "activationFn" : {
                "Identity" : {
                  "gradientViewArray" : null,
                  "parametersViewArray" : null
                }
              },
              "adamMeanDecay" : "NaN",
              "adamVarDecay" : "NaN",
              "biasInit" : 0.5,
              "biasL1" : 0.0,
              "biasL2" : 0.0,
              "biasLearningRate" : 0.05,
              "dist" : null,
              "dropOut" : 0.0,
              "epsilon" : "NaN",
              "gradientNormalization" : "None",
              "gradientNormalizationThreshold" : 1.0,
              "l1" : 0.0,
              "l2" : 0.0,
              "layerName" : "out_L",
              "learningRate" : 0.05,
              "learningRateSchedule" : null,
              "lossFn" : {
                "MSE" : { }
              },
              "momentum" : "NaN",
              "momentumSchedule" : null,
              "nin" : 0,
              "nout" : 0,
              "rho" : "NaN",
              "rmsDecay" : "NaN",
              "updater" : "SGD",
              "weightInit" : "UNIFORM"
            }
          },
          "leakyreluAlpha" : 0.0,
          "learningRateByParam" : { },
          "learningRatePolicy" : "None",
          "lrPolicyDecayRate" : "NaN",
          "lrPolicyPower" : "NaN",
          "lrPolicySteps" : "NaN",
          "maxNumLineSearchIterations" : 5,
          "miniBatch" : true,
          "minimize" : true,
          "numIterations" : 1,
          "optimizationAlgo" : "STOCHASTIC_GRADIENT_DESCENT",
          "pretrain" : false,
          "seed" : 123,
          "stepFunction" : null,
          "useDropConnect" : false,
          "useRegularization" : false,
          "variables" : [ ]
        },
        "outputVertex" : false,
        "preProcessor" : null
      }
    }
  }
}